cluster_id,group,cluster_size,image,representative,score_to_representative
stroller_reviewed_window10_000001,stroller_reviewed,18,images/02207_1784257632719814_0.jpg,images/02220_1784257738267835_0.jpg,0.99214810
stroller_reviewed_window10_000001,stroller_reviewed,18,images/02208_1784257632841815_0.jpg,images/02220_1784257738267835_0.jpg,0.99388069
stroller_reviewed_window10_000001,stroller_reviewed,18,images/02210_1784257647893818_0.jpg,images/02220_1784257738267835_0.jpg,0.99319822
stroller_reviewed_window10_000001,stroller_reviewed,18,images/02211_1784257663064821_0.jpg,images/02220_1784257738267835_0.jpg,0.99516976
stroller_reviewed_window10_000001,stroller_reviewed,18,images/02214_1784257693055826_0.jpg,images/02220_1784257738267835_0.jpg,0.99536300
stroller_reviewed_window10_000001,stroller_reviewed,18,images/02215_1784257693140827_0.jpg,images/02220_1784257738267835_0.jpg,0.99529040
stroller_reviewed_window10_000001,stroller_reviewed,18,images/02216_1784257708193829_0.jpg,images/02220_1784257738267835_0.jpg,0.99091429
stroller_reviewed_window10_000001,stroller_reviewed,18,images/02217_1784257708254830_0.jpg,images/02220_1784257738267835_0.jpg,0.99048334
stroller_reviewed_window10_000001,stroller_reviewed,18,images/02220_1784257738267835_0.jpg,images/02220_1784257738267835_0.jpg,1.00000000
stroller_reviewed_window10_000001,stroller_reviewed,18,images/02221_1784257753319838_0.jpg,images/02220_1784257738267835_0.jpg,0.99418592
stroller_reviewed_window10_000001,stroller_reviewed,18,images/02222_1784257753713840_0.jpg,images/02220_1784257738267835_0.jpg,0.99295533
stroller_reviewed_window10_000001,stroller_reviewed,18,images/02223_1784257768376841_0.jpg,images/02220_1784257738267835_0.jpg,0.99645495
stroller_reviewed_window10_000001,stroller_reviewed,18,images/02224_1784257768871842_0.jpg,images/02220_1784257738267835_0.jpg,0.99582744
stroller_reviewed_window10_000001,stroller_reviewed,18,images/02225_1784257783579844_0.jpg,images/02220_1784257738267835_0.jpg,0.99595571
stroller_reviewed_window10_000001,stroller_reviewed,18,images/02226_1784257783929845_0.jpg,images/02220_1784257738267835_0.jpg,0.99482316
stroller_reviewed_window10_000001,stroller_reviewed,18,images/02227_1784257798598847_0.jpg,images/02220_1784257738267835_0.jpg,0.99506450
stroller_reviewed_window10_000001,stroller_reviewed,18,images/02228_1784257798980849_0.jpg,images/02220_1784257738267835_0.jpg,0.99538147
stroller_reviewed_window10_000001,stroller_reviewed,18,images/02230_1784257828698853_0.jpg,images/02220_1784257738267835_0.jpg,0.99237716
stroller_reviewed_window10_000002,stroller_reviewed,4,images/02787_1784438100510135_0.jpg,images/02791_1784438160698147_0.jpg,0.99124235
stroller_reviewed_window10_000002,stroller_reviewed,4,images/02791_1784438160698147_0.jpg,images/02791_1784438160698147_0.jpg,1.00000000
stroller_reviewed_window10_000002,stroller_reviewed,4,images/02792_1784438191071153_0.jpg,images/02791_1784438160698147_0.jpg,0.99467242
stroller_reviewed_window10_000002,stroller_reviewed,4,images/02793_1784438206135156_0.jpg,images/02791_1784438160698147_0.jpg,0.99299431
stroller_reviewed_window10_000003,stroller_reviewed,3,images/03177_1784451879356834_0.jpg,images/03178_1784451879538835_0.jpg,0.99730551
stroller_reviewed_window10_000003,stroller_reviewed,3,images/03178_1784451879538835_0.jpg,images/03178_1784451879538835_0.jpg,1.00000000
stroller_reviewed_window10_000003,stroller_reviewed,3,images/03179_1784451879708836_0.jpg,images/03178_1784451879538835_0.jpg,0.99763453
stroller_reviewed_window10_000004,stroller_reviewed,3,images/06293_1784525895749001_0.jpg,images/06295_1784525895962003_0.jpg,0.99559700
stroller_reviewed_window10_000004,stroller_reviewed,3,images/06294_1784525895911002_0.jpg,images/06295_1784525895962003_0.jpg,0.99811918
stroller_reviewed_window10_000004,stroller_reviewed,3,images/06295_1784525895962003_0.jpg,images/06295_1784525895962003_0.jpg,1.00000000
stroller_reviewed_window10_000005,stroller_reviewed,3,images/02115_1784206668225069_0.jpg,images/02117_1784206698323075_0.jpg,0.99329984
stroller_reviewed_window10_000005,stroller_reviewed,3,images/02117_1784206698323075_0.jpg,images/02117_1784206698323075_0.jpg,1.00000000
stroller_reviewed_window10_000005,stroller_reviewed,3,images/02118_1784206698481077_0.jpg,images/02117_1784206698323075_0.jpg,0.99928576
stroller_reviewed_window10_000006,stroller_reviewed,3,images/02892_1784442095547903_0.jpg,images/02893_1784442095846904_0.jpg,0.99573207
stroller_reviewed_window10_000006,stroller_reviewed,3,images/02893_1784442095846904_0.jpg,images/02893_1784442095846904_0.jpg,1.00000000
stroller_reviewed_window10_000006,stroller_reviewed,3,images/02894_1784442095949905_0.jpg,images/02893_1784442095846904_0.jpg,0.99680001
stroller_reviewed_window10_000007,stroller_reviewed,3,images/03938_1784514456789509_0.jpg,images/03945_1784514577023511_0.jpg,0.99500138
stroller_reviewed_window10_000007,stroller_reviewed,3,images/03945_1784514577023511_0.jpg,images/03945_1784514577023511_0.jpg,1.00000000
stroller_reviewed_window10_000007,stroller_reviewed,3,images/03946_1784514637193513_0.jpg,images/03945_1784514577023511_0.jpg,0.99613321
stroller_reviewed_window10_000008,stroller_reviewed,3,images/04011_1784516878107551_0.jpg,images/04013_1784516998443553_0.jpg,0.99452329
stroller_reviewed_window10_000008,stroller_reviewed,3,images/04012_1784516938278552_0.jpg,images/04013_1784516998443553_0.jpg,0.99522030
stroller_reviewed_window10_000008,stroller_reviewed,3,images/04013_1784516998443553_0.jpg,images/04013_1784516998443553_0.jpg,1.00000000
stroller_reviewed_window10_000009,stroller_reviewed,3,images/02785_1784438085492132_0.jpg,images/02786_1784438085933133_0.jpg,0.99762958
stroller_reviewed_window10_000009,stroller_reviewed,3,images/02786_1784438085933133_0.jpg,images/02786_1784438085933133_0.jpg,1.00000000
stroller_reviewed_window10_000009,stroller_reviewed,3,images/02788_1784438115563138_0.jpg,images/02786_1784438085933133_0.jpg,0.99050999
stroller_reviewed_window10_000010,stroller_reviewed,3,images/01418_1783825026109990_0.jpg,images/01420_1783825056203994_0.jpg,0.99328518
stroller_reviewed_window10_000010,stroller_reviewed,3,images/01420_1783825056203994_0.jpg,images/01420_1783825056203994_0.jpg,1.00000000
stroller_reviewed_window10_000010,stroller_reviewed,3,images/01421_1783825071221996_0.jpg,images/01420_1783825056203994_0.jpg,0.99375224
stroller_reviewed_window10_000011,stroller_reviewed,3,images/08485_1784530554204773_0.jpg,images/08618_1784530870351778_0.jpg,0.99038482
stroller_reviewed_window10_000011,stroller_reviewed,3,images/08503_1784530614373775_0.jpg,images/08618_1784530870351778_0.jpg,0.99189508
stroller_reviewed_window10_000011,stroller_reviewed,3,images/08618_1784530870351778_0.jpg,images/08618_1784530870351778_0.jpg,1.00000000
stroller_reviewed_window10_000012,stroller_reviewed,3,images/02731_1784430196738666_0.jpg,images/02733_1784430226859672_0.jpg,0.99044460
stroller_reviewed_window10_000012,stroller_reviewed,3,images/02732_1784430211797669_0.jpg,images/02733_1784430226859672_0.jpg,0.99004883
stroller_reviewed_window10_000012,stroller_reviewed,3,images/02733_1784430226859672_0.jpg,images/02733_1784430226859672_0.jpg,1.00000000
stroller_reviewed_window10_000013,stroller_reviewed,2,images/02334_1784277099282555_0.jpg,images/02334_1784277099282555_0.jpg,1.00000000
stroller_reviewed_window10_000013,stroller_reviewed,2,images/02335_1784277099360556_0.jpg,images/02334_1784277099282555_0.jpg,0.99957120
stroller_reviewed_window10_000014,stroller_reviewed,2,images/02897_1784442125918909_0.jpg,images/02897_1784442125918909_0.jpg,1.00000000
stroller_reviewed_window10_000014,stroller_reviewed,2,images/02898_1784442126068910_0.jpg,images/02897_1784442125918909_0.jpg,0.99946624
stroller_reviewed_window10_000015,stroller_reviewed,2,images/02318_1784276963146527_0.jpg,images/02318_1784276963146527_0.jpg,1.00000000
stroller_reviewed_window10_000015,stroller_reviewed,2,images/02319_1784276963497528_0.jpg,images/02318_1784276963146527_0.jpg,0.99934608
stroller_reviewed_window10_000016,stroller_reviewed,2,images/02344_1784277189691573_0.jpg,images/02344_1784277189691573_0.jpg,1.00000000
stroller_reviewed_window10_000016,stroller_reviewed,2,images/02345_1784277189929574_0.jpg,images/02344_1784277189691573_0.jpg,0.99932575
stroller_reviewed_window10_000017,stroller_reviewed,2,images/02332_1784277084131552_0.jpg,images/02332_1784277084131552_0.jpg,1.00000000
stroller_reviewed_window10_000017,stroller_reviewed,2,images/02333_1784277084162553_0.jpg,images/02332_1784277084131552_0.jpg,0.99926770
stroller_reviewed_window10_000018,stroller_reviewed,2,images/02895_1784442110752906_0.jpg,images/02895_1784442110752906_0.jpg,1.00000000
stroller_reviewed_window10_000018,stroller_reviewed,2,images/02896_1784442111005908_0.jpg,images/02895_1784442110752906_0.jpg,0.99922246
stroller_reviewed_window10_000019,stroller_reviewed,2,images/02205_1784257617518811_0.jpg,images/02205_1784257617518811_0.jpg,1.00000000
stroller_reviewed_window10_000019,stroller_reviewed,2,images/02206_1784257617635812_0.jpg,images/02205_1784257617518811_0.jpg,0.99905419
stroller_reviewed_window10_000020,stroller_reviewed,2,images/02330_1784277069069549_0.jpg,images/02330_1784277069069549_0.jpg,1.00000000
stroller_reviewed_window10_000020,stroller_reviewed,2,images/02331_1784277069111550_0.jpg,images/02330_1784277069069549_0.jpg,0.99891013
stroller_reviewed_window10_000021,stroller_reviewed,2,images/02478_1784346143879717_0.jpg,images/02478_1784346143879717_0.jpg,1.00000000
stroller_reviewed_window10_000021,stroller_reviewed,2,images/02479_1784346144463718_0.jpg,images/02478_1784346143879717_0.jpg,0.99874014
stroller_reviewed_window10_000022,stroller_reviewed,2,images/02983_1784445312196525_0.jpg,images/02983_1784445312196525_0.jpg,1.00000000
stroller_reviewed_window10_000022,stroller_reviewed,2,images/02984_1784445312248526_0.jpg,images/02983_1784445312196525_0.jpg,0.99865019
stroller_reviewed_window10_000023,stroller_reviewed,2,images/03175_1784451864298831_0.jpg,images/03175_1784451864298831_0.jpg,1.00000000
stroller_reviewed_window10_000023,stroller_reviewed,2,images/03176_1784451864371832_0.jpg,images/03175_1784451864298831_0.jpg,0.99863970
stroller_reviewed_window10_000024,stroller_reviewed,2,images/02985_1784445327249528_0.jpg,images/02985_1784445327249528_0.jpg,1.00000000
stroller_reviewed_window10_000024,stroller_reviewed,2,images/02986_1784445327450529_0.jpg,images/02985_1784445327249528_0.jpg,0.99808204
stroller_reviewed_window10_000025,stroller_reviewed,2,images/02365_1784277355473606_0.jpg,images/02365_1784277355473606_0.jpg,1.00000000
stroller_reviewed_window10_000025,stroller_reviewed,2,images/02366_1784277355825607_0.jpg,images/02365_1784277355473606_0.jpg,0.99798739
stroller_reviewed_window10_000026,stroller_reviewed,2,images/02191_1784254334261180_0.jpg,images/02191_1784254334261180_0.jpg,1.00000000
stroller_reviewed_window10_000026,stroller_reviewed,2,images/02192_1784254334675182_0.jpg,images/02191_1784254334261180_0.jpg,0.99792898
stroller_reviewed_window10_000027,stroller_reviewed,2,images/02218_1784257723245832_0.jpg,images/02218_1784257723245832_0.jpg,1.00000000
stroller_reviewed_window10_000027,stroller_reviewed,2,images/02219_1784257723454833_0.jpg,images/02218_1784257723245832_0.jpg,0.99788064
stroller_reviewed_window10_000028,stroller_reviewed,2,images/04065_1784518193026598_0.jpg,images/04065_1784518193026598_0.jpg,1.00000000
stroller_reviewed_window10_000028,stroller_reviewed,2,images/04066_1784518193227599_0.jpg,images/04065_1784518193026598_0.jpg,0.99787945
stroller_reviewed_window10_000029,stroller_reviewed,2,images/02476_1784345089359525_0.jpg,images/02476_1784345089359525_0.jpg,1.00000000
stroller_reviewed_window10_000029,stroller_reviewed,2,images/02477_1784345089720526_0.jpg,images/02476_1784345089359525_0.jpg,0.99782562
stroller_reviewed_window10_000030,stroller_reviewed,2,images/02890_1784442080490899_0.jpg,images/02890_1784442080490899_0.jpg,1.00000000
stroller_reviewed_window10_000030,stroller_reviewed,2,images/02891_1784442080793900_0.jpg,images/02890_1784442080490899_0.jpg,0.99775386
stroller_reviewed_window10_000031,stroller_reviewed,2,images/01957_1784107351683328_0.jpg,images/01957_1784107351683328_0.jpg,1.00000000
stroller_reviewed_window10_000031,stroller_reviewed,2,images/01958_1784107351977329_0.jpg,images/01957_1784107351683328_0.jpg,0.99772567
stroller_reviewed_window10_000032,stroller_reviewed,2,images/02708_1784426900103032_0.jpg,images/02708_1784426900103032_0.jpg,1.00000000
stroller_reviewed_window10_000032,stroller_reviewed,2,images/02709_1784426900385034_0.jpg,images/02708_1784426900103032_0.jpg,0.99766552
stroller_reviewed_window10_000033,stroller_reviewed,2,images/02352_1784277250007585_0.jpg,images/02352_1784277250007585_0.jpg,1.00000000
stroller_reviewed_window10_000033,stroller_reviewed,2,images/02353_1784277250393586_0.jpg,images/02352_1784277250007585_0.jpg,0.99756336
stroller_reviewed_window10_000034,stroller_reviewed,2,images/02348_1784277219797579_0.jpg,images/02348_1784277219797579_0.jpg,1.00000000
stroller_reviewed_window10_000034,stroller_reviewed,2,images/02349_1784277220142580_0.jpg,images/02348_1784277219797579_0.jpg,0.99756181
stroller_reviewed_window10_000035,stroller_reviewed,2,images/02994_1784445402751543_0.jpg,images/02994_1784445402751543_0.jpg,1.00000000
stroller_reviewed_window10_000035,stroller_reviewed,2,images/02995_1784445402972545_0.jpg,images/02994_1784445402751543_0.jpg,0.99751985
stroller_reviewed_window10_000036,stroller_reviewed,2,images/02346_1784277204744576_0.jpg,images/02346_1784277204744576_0.jpg,1.00000000
stroller_reviewed_window10_000036,stroller_reviewed,2,images/02347_1784277205086577_0.jpg,images/02346_1784277204744576_0.jpg,0.99728155
stroller_reviewed_window10_000037,stroller_reviewed,2,images/02342_1784277174639570_0.jpg,images/02342_1784277174639570_0.jpg,1.00000000
stroller_reviewed_window10_000037,stroller_reviewed,2,images/02343_1784277174875571_0.jpg,images/02342_1784277174639570_0.jpg,0.99722844
stroller_reviewed_window10_000038,stroller_reviewed,2,images/01948_1784105498225981_0.jpg,images/01948_1784105498225981_0.jpg,1.00000000
stroller_reviewed_window10_000038,stroller_reviewed,2,images/01949_1784105498746982_0.jpg,images/01948_1784105498225981_0.jpg,0.99709278
stroller_reviewed_window10_000039,stroller_reviewed,2,images/02361_1784277325370600_0.jpg,images/02361_1784277325370600_0.jpg,1.00000000
stroller_reviewed_window10_000039,stroller_reviewed,2,images/02362_1784277325728601_0.jpg,images/02361_1784277325370600_0.jpg,0.99655014
stroller_reviewed_window10_000040,stroller_reviewed,2,images/02350_1784277234846582_0.jpg,images/02350_1784277234846582_0.jpg,1.00000000
stroller_reviewed_window10_000040,stroller_reviewed,2,images/02351_1784277235193583_0.jpg,images/02350_1784277234846582_0.jpg,0.99650186
stroller_reviewed_window10_000041,stroller_reviewed,2,images/02320_1784276993402534_0.jpg,images/02320_1784276993402534_0.jpg,1.00000000
stroller_reviewed_window10_000041,stroller_reviewed,2,images/02321_1784276993749535_0.jpg,images/02320_1784276993402534_0.jpg,0.99647796
stroller_reviewed_window10_000042,stroller_reviewed,2,images/02997_1784445508495564_0.jpg,images/02997_1784445508495564_0.jpg,1.00000000
stroller_reviewed_window10_000042,stroller_reviewed,2,images/02998_1784445508707565_0.jpg,images/02997_1784445508495564_0.jpg,0.99627697
stroller_reviewed_window10_000043,stroller_reviewed,2,images/02992_1784445387579540_0.jpg,images/02992_1784445387579540_0.jpg,1.00000000
stroller_reviewed_window10_000043,stroller_reviewed,2,images/02993_1784445387903542_0.jpg,images/02992_1784445387579540_0.jpg,0.99621797
stroller_reviewed_window10_000044,stroller_reviewed,2,images/02372_1784277981541730_0.jpg,images/02372_1784277981541730_0.jpg,1.00000000
stroller_reviewed_window10_000044,stroller_reviewed,2,images/02373_1784277982595731_0.jpg,images/02372_1784277981541730_0.jpg,0.99605519
stroller_reviewed_window10_000045,stroller_reviewed,2,images/02354_1784277265062588_0.jpg,images/02354_1784277265062588_0.jpg,1.00000000
stroller_reviewed_window10_000045,stroller_reviewed,2,images/02355_1784277265451589_0.jpg,images/02354_1784277265062588_0.jpg,0.99588847
stroller_reviewed_window10_000046,stroller_reviewed,2,images/02533_1784354728494327_0.jpg,images/02533_1784354728494327_0.jpg,1.00000000
stroller_reviewed_window10_000046,stroller_reviewed,2,images/02534_1784354743703330_0.jpg,images/02533_1784354728494327_0.jpg,0.99542624
stroller_reviewed_window10_000047,stroller_reviewed,2,images/02987_1784445342408531_0.jpg,images/02987_1784445342408531_0.jpg,1.00000000
stroller_reviewed_window10_000047,stroller_reviewed,2,images/02988_1784445342613532_0.jpg,images/02987_1784445342408531_0.jpg,0.99509460
stroller_reviewed_window10_000048,stroller_reviewed,2,images/02561_1784358121333985_0.jpg,images/02561_1784358121333985_0.jpg,1.00000000
stroller_reviewed_window10_000048,stroller_reviewed,2,images/02562_1784358121859986_0.jpg,images/02561_1784358121333985_0.jpg,0.99375486
stroller_reviewed_window10_000049,stroller_reviewed,2,images/02367_1784277370485609_0.jpg,images/02367_1784277370485609_0.jpg,1.00000000
stroller_reviewed_window10_000049,stroller_reviewed,2,images/02368_1784277370883610_0.jpg,images/02367_1784277370485609_0.jpg,0.99369776
stroller_reviewed_window10_000050,stroller_reviewed,2,images/02783_1784438070434129_0.jpg,images/02783_1784438070434129_0.jpg,1.00000000
stroller_reviewed_window10_000050,stroller_reviewed,2,images/02784_1784438070729130_0.jpg,images/02783_1784438070434129_0.jpg,0.99363238
stroller_reviewed_window10_000051,stroller_reviewed,2,images/00956_1783398778105981_0.jpg,images/00956_1783398778105981_0.jpg,1.00000000
stroller_reviewed_window10_000051,stroller_reviewed,2,images/00985_1783477791853543_0.jpg,images/00956_1783398778105981_0.jpg,0.99332106
stroller_reviewed_window10_000052,stroller_reviewed,2,images/02565_1784358166488994_0.jpg,images/02565_1784358166488994_0.jpg,1.00000000
stroller_reviewed_window10_000052,stroller_reviewed,2,images/02567_1784358196721000_0.jpg,images/02565_1784358166488994_0.jpg,0.99316329
stroller_reviewed_window10_000053,stroller_reviewed,2,images/02726_1784430075675640_0.jpg,images/02726_1784430075675640_0.jpg,1.00000000
stroller_reviewed_window10_000053,stroller_reviewed,2,images/02727_1784430075932642_0.jpg,images/02726_1784430075675640_0.jpg,0.99311864
stroller_reviewed_window10_000054,stroller_reviewed,2,images/02340_1784277159483567_0.jpg,images/02340_1784277159483567_0.jpg,1.00000000
stroller_reviewed_window10_000054,stroller_reviewed,2,images/02341_1784277159821569_0.jpg,images/02340_1784277159483567_0.jpg,0.99290407
stroller_reviewed_window10_000055,stroller_reviewed,2,images/02762_1784436996374915_0.jpg,images/02762_1784436996374915_0.jpg,1.00000000
stroller_reviewed_window10_000055,stroller_reviewed,2,images/02763_1784436996902916_0.jpg,images/02762_1784436996374915_0.jpg,0.99287558
stroller_reviewed_window10_000056,stroller_reviewed,2,images/02552_1784356733896711_0.jpg,images/02552_1784356733896711_0.jpg,1.00000000
stroller_reviewed_window10_000056,stroller_reviewed,2,images/02553_1784356735369712_0.jpg,images/02552_1784356733896711_0.jpg,0.99280190
stroller_reviewed_window10_000057,stroller_reviewed,2,images/07004_1784527417640720_0.jpg,images/07004_1784527417640720_0.jpg,1.00000000
stroller_reviewed_window10_000057,stroller_reviewed,2,images/07033_1784527477801721_0.jpg,images/07004_1784527417640720_0.jpg,0.99258149
stroller_reviewed_window10_000058,stroller_reviewed,2,images/02643_1784372088253745_0.jpg,images/02643_1784372088253745_0.jpg,1.00000000
stroller_reviewed_window10_000058,stroller_reviewed,2,images/02644_1784372101925746_0.jpg,images/02643_1784372088253745_0.jpg,0.99246538
stroller_reviewed_window10_000059,stroller_reviewed,2,images/02359_1784277310213597_0.jpg,images/02359_1784277310213597_0.jpg,1.00000000
stroller_reviewed_window10_000059,stroller_reviewed,2,images/02360_1784277310714598_0.jpg,images/02359_1784277310213597_0.jpg,0.99245119
stroller_reviewed_window10_000060,stroller_reviewed,2,images/02729_1784430121075651_0.jpg,images/02729_1784430121075651_0.jpg,1.00000000
stroller_reviewed_window10_000060,stroller_reviewed,2,images/02730_1784430136138654_0.jpg,images/02729_1784430121075651_0.jpg,0.99232364
stroller_reviewed_window10_000061,stroller_reviewed,2,images/03120_1784450279730516_0.jpg,images/03120_1784450279730516_0.jpg,1.00000000
stroller_reviewed_window10_000061,stroller_reviewed,2,images/03121_1784450280022517_0.jpg,images/03120_1784450279730516_0.jpg,0.99228561
stroller_reviewed_window10_000062,stroller_reviewed,2,images/01147_1783670558300987_0.jpg,images/01147_1783670558300987_0.jpg,1.00000000
stroller_reviewed_window10_000062,stroller_reviewed,2,images/01149_1783670678603004_0.jpg,images/01147_1783670558300987_0.jpg,0.99192083
stroller_reviewed_window10_000063,stroller_reviewed,2,images/02402_1784292449849528_0.jpg,images/02402_1784292449849528_0.jpg,1.00000000
stroller_reviewed_window10_000063,stroller_reviewed,2,images/02403_1784292450899530_0.jpg,images/02402_1784292449849528_0.jpg,0.99131644
stroller_reviewed_window10_000064,stroller_reviewed,2,images/07914_1784529327673753_0.jpg,images/07914_1784529327673753_0.jpg,1.00000000
stroller_reviewed_window10_000064,stroller_reviewed,2,images/07942_1784529387845754_0.jpg,images/07914_1784529327673753_0.jpg,0.99107629
stroller_reviewed_window10_000065,stroller_reviewed,2,images/02356_1784277280109591_0.jpg,images/02356_1784277280109591_0.jpg,1.00000000
stroller_reviewed_window10_000065,stroller_reviewed,2,images/02357_1784277280615593_0.jpg,images/02356_1784277280109591_0.jpg,0.99103308
stroller_reviewed_window10_000066,stroller_reviewed,2,images/02322_1784277008599537_0.jpg,images/02322_1784277008599537_0.jpg,1.00000000
stroller_reviewed_window10_000066,stroller_reviewed,2,images/02323_1784277008761538_0.jpg,images/02322_1784277008599537_0.jpg,0.99079347
stroller_reviewed_window10_000067,stroller_reviewed,2,images/02246_1784259943549251_0.jpg,images/02246_1784259943549251_0.jpg,1.00000000
stroller_reviewed_window10_000067,stroller_reviewed,2,images/02247_1784259944068253_0.jpg,images/02246_1784259943549251_0.jpg,0.99077141
stroller_reviewed_window10_000068,stroller_reviewed,2,images/02563_1784358136395988_0.jpg,images/02563_1784358136395988_0.jpg,1.00000000
stroller_reviewed_window10_000068,stroller_reviewed,2,images/02564_1784358151418991_0.jpg,images/02563_1784358136395988_0.jpg,0.99054718
stroller_reviewed_window10_000069,stroller_reviewed,2,images/00889_1783304549616241_0.jpg,images/00889_1783304549616241_0.jpg,1.00000000
stroller_reviewed_window10_000069,stroller_reviewed,2,images/00893_1783305194770334_0.jpg,images/00889_1783304549616241_0.jpg,0.99021125
