epoch,train/box_loss,train/obj_loss,train/cls_loss,metrics/precision,metrics/recall,metrics/mAP_0.5,metrics/mAP_0.5:0.95,val/box_loss,val/obj_loss,val/cls_loss,x/lr0,x/lr1,x/lr2
0.0,0.09209,0.019345,0.031918,0.52788,0.064024,0.050255,0.01661,0.06953,0.012708,0.02113,0.070395,0.0032895,0.0032895
1.0,0.065561,0.015396,0.016916,0.49012,0.20993,0.21218,0.084194,0.057113,0.010354,0.016078,0.040329,0.0065572,0.0065572
2.0,0.060331,0.012191,0.013327,0.45324,0.26916,0.174,0.055576,0.065403,0.010281,0.016044,0.010198,0.009759,0.009759
3.0,0.056438,0.011768,0.012975,0.50723,0.27508,0.18988,0.072802,0.060093,0.013373,0.01855,0.009703,0.009703,0.009703
4.0,0.054172,0.01111,0.011946,0.55724,0.2654,0.22652,0.092573,0.055381,0.014327,0.017778,0.009703,0.009703,0.009703
5.0,0.052281,0.010972,0.011202,0.637,0.33552,0.31763,0.13275,0.054422,0.010039,0.014236,0.009604,0.009604,0.009604
6.0,0.050584,0.010566,0.0096464,0.72306,0.34271,0.37568,0.16175,0.052057,0.0092491,0.017962,0.009505,0.009505,0.009505
7.0,0.048863,0.010309,0.010062,0.68483,0.29958,0.349,0.16761,0.051066,0.0092776,0.015118,0.009406,0.009406,0.009406
8.0,0.047557,0.01041,0.0086261,0.6139,0.31899,0.33389,0.15748,0.048954,0.0092664,0.014433,0.009307,0.009307,0.009307
9.0,0.046804,0.010078,0.0084453,0.7393,0.32382,0.37691,0.17576,0.051659,0.0096086,0.018155,0.009208,0.009208,0.009208
10.0,0.045591,0.0097665,0.0078157,0.65822,0.31491,0.35297,0.16685,0.051176,0.0096692,0.015799,0.009109,0.009109,0.009109
11.0,0.044914,0.0099816,0.0069733,0.65514,0.35964,0.37347,0.17329,0.046804,0.0085751,0.015853,0.00901,0.00901,0.00901
12.0,0.044228,0.0096399,0.0073015,0.78701,0.33334,0.40128,0.19344,0.046265,0.0083749,0.01313,0.008911,0.008911,0.008911
13.0,0.043197,0.009501,0.006812,0.76954,0.37065,0.43568,0.21253,0.047197,0.0084984,0.015506,0.008812,0.008812,0.008812
14.0,0.042893,0.0094634,0.0066115,0.75305,0.39453,0.41592,0.18282,0.047287,0.0082687,0.013856,0.008713,0.008713,0.008713
15.0,0.042599,0.0091774,0.0061373,0.75625,0.35983,0.4153,0.20608,0.04586,0.0082068,0.013595,0.008614,0.008614,0.008614
16.0,0.04141,0.0092332,0.0063353,0.70558,0.38309,0.39564,0.2093,0.047232,0.0087841,0.016195,0.008515,0.008515,0.008515
17.0,0.040998,0.0090636,0.006053,0.7516,0.369,0.39179,0.17075,0.049128,0.0080394,0.014503,0.008416,0.008416,0.008416
18.0,0.04083,0.0088896,0.0054372,0.68329,0.35751,0.38389,0.19654,0.045739,0.0087706,0.018532,0.008317,0.008317,0.008317
19.0,0.040094,0.0091499,0.0057503,0.78532,0.34735,0.40894,0.1916,0.045533,0.0087596,0.015898,0.008218,0.008218,0.008218
20.0,0.039936,0.0088639,0.0051977,0.75911,0.36956,0.40431,0.20636,0.046846,0.0085561,0.015596,0.008119,0.008119,0.008119
21.0,0.039733,0.00877,0.0053424,0.74238,0.39602,0.44003,0.19862,0.045948,0.0082016,0.012123,0.00802,0.00802,0.00802
22.0,0.038516,0.008739,0.0047954,0.76566,0.41582,0.46495,0.23204,0.045488,0.0080221,0.015225,0.007921,0.007921,0.007921
23.0,0.038576,0.0086912,0.0043344,0.73606,0.33274,0.37485,0.18174,0.046888,0.0088705,0.022041,0.007822,0.007822,0.007822
24.0,0.03808,0.0084802,0.0047018,0.79184,0.40173,0.45436,0.23544,0.043991,0.0080258,0.013969,0.007723,0.007723,0.007723
25.0,0.037928,0.0085324,0.0048889,0.79436,0.33764,0.40074,0.20847,0.045708,0.0086614,0.016679,0.007624,0.007624,0.007624
26.0,0.037837,0.0082852,0.0044242,0.79677,0.41784,0.46151,0.24054,0.04418,0.00784,0.014954,0.007525,0.007525,0.007525
27.0,0.037601,0.0083004,0.004592,0.7951,0.38996,0.45839,0.23639,0.042616,0.0084963,0.013571,0.007426,0.007426,0.007426
28.0,0.037542,0.0082825,0.0043574,0.76946,0.39339,0.44097,0.22881,0.044006,0.0082307,0.013105,0.007327,0.007327,0.007327
29.0,0.03647,0.0082373,0.0041016,0.79916,0.39087,0.45823,0.24169,0.044724,0.0086377,0.013827,0.007228,0.007228,0.007228
30.0,0.03672,0.0082348,0.0043278,0.78586,0.37599,0.43505,0.20897,0.044608,0.008705,0.013645,0.007129,0.007129,0.007129
31.0,0.036079,0.0080459,0.0040347,0.76542,0.36857,0.41848,0.20198,0.047439,0.0087193,0.01427,0.00703,0.00703,0.00703
32.0,0.035858,0.0080427,0.0036629,0.7362,0.43974,0.4473,0.23616,0.045397,0.0081451,0.01353,0.006931,0.006931,0.006931
33.0,0.034953,0.0081194,0.0031527,0.78168,0.43014,0.46602,0.24261,0.045687,0.0079589,0.012052,0.006832,0.006832,0.006832
34.0,0.035176,0.0078425,0.0033796,0.83814,0.38956,0.48192,0.26113,0.043194,0.0076885,0.013313,0.006733,0.006733,0.006733
35.0,0.034393,0.0077238,0.0029744,0.81858,0.39762,0.45576,0.24265,0.044377,0.0083372,0.015814,0.006634,0.006634,0.006634
36.0,0.034205,0.0075921,0.0026989,0.83024,0.41132,0.467,0.23945,0.044433,0.00848,0.016469,0.006535,0.006535,0.006535
37.0,0.033657,0.0076862,0.0027358,0.74094,0.4392,0.463,0.23506,0.044649,0.0084632,0.014697,0.006436,0.006436,0.006436
38.0,0.03382,0.0076425,0.0031858,0.7909,0.43184,0.47816,0.25484,0.04282,0.0083184,0.013905,0.006337,0.006337,0.006337
39.0,0.033909,0.0078224,0.0029512,0.8362,0.41328,0.47851,0.26498,0.042331,0.0086144,0.015662,0.006238,0.006238,0.006238
40.0,0.033287,0.0073894,0.0025014,0.79055,0.3929,0.44659,0.22987,0.044704,0.0088854,0.014865,0.006139,0.006139,0.006139
41.0,0.033355,0.0075613,0.0025854,0.78989,0.40916,0.43901,0.22194,0.044289,0.0085454,0.017547,0.00604,0.00604,0.00604
42.0,0.032951,0.0074867,0.0028018,0.79558,0.45983,0.48278,0.26332,0.043653,0.0087263,0.01269,0.005941,0.005941,0.005941
43.0,0.032721,0.0073089,0.0027298,0.83131,0.40122,0.4689,0.24939,0.044298,0.0083732,0.012704,0.005842,0.005842,0.005842
44.0,0.032779,0.0073126,0.0027975,0.8179,0.4178,0.4699,0.25598,0.043692,0.0083914,0.014606,0.005743,0.005743,0.005743
45.0,0.032135,0.0074079,0.0024052,0.73783,0.44554,0.47407,0.25232,0.045169,0.0083294,0.014105,0.005644,0.005644,0.005644
46.0,0.032131,0.0073004,0.0023412,0.75705,0.47932,0.49425,0.26853,0.044199,0.0080802,0.01268,0.005545,0.005545,0.005545
47.0,0.031702,0.0072871,0.002239,0.78286,0.44802,0.48024,0.25681,0.043613,0.0082325,0.013698,0.005446,0.005446,0.005446
48.0,0.031666,0.0073296,0.0023433,0.7574,0.46577,0.48138,0.26752,0.04341,0.0083447,0.013869,0.005347,0.005347,0.005347
49.0,0.031535,0.007167,0.0022758,0.83401,0.41458,0.47884,0.25991,0.043891,0.0082674,0.013872,0.005248,0.005248,0.005248
50.0,0.030733,0.006964,0.0022842,0.83775,0.41988,0.46383,0.25333,0.044815,0.0085214,0.012963,0.005149,0.005149,0.005149
51.0,0.031153,0.0069097,0.0021648,0.7988,0.45462,0.4853,0.26284,0.04458,0.0080258,0.013156,0.00505,0.00505,0.00505
52.0,0.030681,0.0069189,0.002147,0.86487,0.45103,0.51704,0.27934,0.042779,0.0080426,0.011923,0.004951,0.004951,0.004951
53.0,0.030341,0.0069063,0.0020072,0.83842,0.4521,0.49818,0.28239,0.044282,0.0082472,0.012611,0.004852,0.004852,0.004852
54.0,0.030021,0.0068108,0.0017422,0.81632,0.4543,0.49444,0.27429,0.0441,0.0084043,0.012205,0.004753,0.004753,0.004753
55.0,0.02942,0.0067799,0.0017435,0.84145,0.42793,0.48066,0.26496,0.044639,0.0084096,0.013553,0.004654,0.004654,0.004654
56.0,0.029154,0.0066916,0.0022514,0.83507,0.45451,0.50215,0.27925,0.043761,0.0084808,0.014089,0.004555,0.004555,0.004555
57.0,0.029247,0.0066029,0.0017523,0.81509,0.44787,0.48433,0.26087,0.043764,0.0085291,0.012637,0.004456,0.004456,0.004456
58.0,0.028944,0.0066856,0.0015407,0.7794,0.47839,0.50259,0.28001,0.042971,0.0086369,0.012305,0.004357,0.004357,0.004357
59.0,0.028957,0.0066586,0.0019022,0.84242,0.43187,0.50333,0.27827,0.043005,0.0082743,0.012886,0.004258,0.004258,0.004258
60.0,0.028593,0.0065486,0.0015444,0.79632,0.42783,0.48174,0.27202,0.044251,0.0088333,0.014174,0.004159,0.004159,0.004159
61.0,0.028319,0.0064449,0.0015265,0.85093,0.43654,0.49384,0.27344,0.043219,0.0084388,0.012935,0.00406,0.00406,0.00406
62.0,0.027801,0.0063388,0.0013287,0.58268,0.42081,0.48404,0.26648,0.043674,0.0089195,0.014332,0.003961,0.003961,0.003961
63.0,0.028383,0.0065719,0.0015751,0.85738,0.4385,0.50943,0.27615,0.04345,0.0086013,0.012845,0.003862,0.003862,0.003862
64.0,0.027322,0.0063185,0.0012946,0.58753,0.4502,0.50451,0.27014,0.043913,0.008697,0.01193,0.003763,0.003763,0.003763
65.0,0.027539,0.0062526,0.0013789,0.58238,0.4538,0.50763,0.28609,0.042881,0.0086538,0.012557,0.003664,0.003664,0.003664
66.0,0.027099,0.0062748,0.0014389,0.544,0.44999,0.48889,0.26947,0.044271,0.009207,0.014293,0.003565,0.003565,0.003565
67.0,0.027062,0.0062454,0.0013614,0.75301,0.46483,0.49011,0.27242,0.043585,0.0087558,0.013896,0.003466,0.003466,0.003466
68.0,0.026937,0.0061772,0.0011506,0.81277,0.45116,0.49353,0.27908,0.043003,0.0089165,0.013612,0.003367,0.003367,0.003367
69.0,0.026805,0.0061102,0.0012216,0.54113,0.46154,0.48757,0.27123,0.043027,0.0090628,0.013269,0.003268,0.003268,0.003268
70.0,0.026691,0.0060343,0.0010409,0.83811,0.43045,0.49279,0.27738,0.04276,0.0090058,0.014948,0.003169,0.003169,0.003169
71.0,0.026182,0.005953,0.0011039,0.82813,0.44094,0.49653,0.2726,0.042587,0.0090365,0.01391,0.00307,0.00307,0.00307
72.0,0.025774,0.0060849,0.0012467,0.52149,0.49075,0.54354,0.30856,0.041843,0.0089306,0.013265,0.002971,0.002971,0.002971
73.0,0.025791,0.0060624,0.0012528,0.56218,0.45099,0.49686,0.27088,0.044249,0.0091484,0.013593,0.002872,0.002872,0.002872
74.0,0.025731,0.0058568,0.0011764,0.5757,0.4793,0.50859,0.28521,0.042249,0.008742,0.013394,0.002773,0.002773,0.002773
75.0,0.025577,0.0058868,0.0011341,0.55008,0.46126,0.49363,0.2755,0.042985,0.0090501,0.013704,0.002674,0.002674,0.002674
76.0,0.025146,0.0057598,0.0012761,0.57033,0.45803,0.49855,0.28009,0.042034,0.00908,0.013801,0.002575,0.002575,0.002575
77.0,0.025061,0.0059676,0.00098937,0.56353,0.45971,0.50711,0.28245,0.043017,0.0094404,0.01381,0.002476,0.002476,0.002476
78.0,0.024924,0.0058686,0.0010193,0.86827,0.4237,0.49417,0.28213,0.042561,0.009083,0.013257,0.002377,0.002377,0.002377
79.0,0.024894,0.0057854,0.0010362,0.86803,0.43265,0.49357,0.28232,0.042507,0.0091537,0.013366,0.002278,0.002278,0.002278
80.0,0.024808,0.0057595,0.001016,0.82063,0.45356,0.50836,0.29127,0.042967,0.0093744,0.013439,0.002179,0.002179,0.002179
81.0,0.024297,0.0058233,0.00091257,0.62698,0.49528,0.51439,0.29834,0.04315,0.0095561,0.013503,0.00208,0.00208,0.00208
82.0,0.023943,0.0056412,0.00086664,0.57951,0.44172,0.49754,0.29094,0.0429,0.0094464,0.013707,0.001981,0.001981,0.001981
83.0,0.023806,0.0055613,0.00089815,0.60795,0.43165,0.49642,0.29133,0.042061,0.0090973,0.013692,0.001882,0.001882,0.001882
84.0,0.023596,0.0056687,0.00087639,0.84928,0.41943,0.4944,0.28502,0.042914,0.0095219,0.014404,0.001783,0.001783,0.001783
85.0,0.023274,0.0054604,0.00094498,0.54928,0.4842,0.52332,0.29798,0.042738,0.00933,0.013577,0.001684,0.001684,0.001684
86.0,0.023312,0.0056396,0.00083986,0.53888,0.48382,0.51041,0.29163,0.043006,0.0094367,0.013847,0.001585,0.001585,0.001585
87.0,0.02279,0.0054836,0.00076573,0.55233,0.46715,0.50782,0.29102,0.042726,0.0090572,0.01407,0.001486,0.001486,0.001486
88.0,0.022908,0.0054345,0.0008306,0.64436,0.48803,0.50931,0.29678,0.043464,0.0094393,0.013458,0.001387,0.001387,0.001387
89.0,0.022403,0.0054235,0.00090241,0.54594,0.46927,0.51179,0.29136,0.042805,0.0096796,0.01345,0.001288,0.001288,0.001288
90.0,0.022643,0.0054247,0.00078232,0.53476,0.48062,0.51388,0.29317,0.042583,0.0093595,0.013588,0.001189,0.001189,0.001189
91.0,0.022378,0.0052811,0.0007541,0.61557,0.4224,0.51219,0.28705,0.042752,0.0093942,0.013832,0.00109,0.00109,0.00109
92.0,0.022016,0.0053422,0.00076315,0.55906,0.46289,0.50559,0.29029,0.042871,0.0096157,0.013972,0.000991,0.000991,0.000991
93.0,0.021953,0.0052277,0.00064013,0.56516,0.44818,0.50411,0.28717,0.042686,0.0096184,0.014341,0.000892,0.000892,0.000892
94.0,0.021541,0.0052313,0.00069211,0.58808,0.43783,0.49909,0.28229,0.042925,0.009553,0.014532,0.000793,0.000793,0.000793
95.0,0.021639,0.0052222,0.00063565,0.59277,0.44239,0.49533,0.28436,0.043083,0.009724,0.014287,0.000694,0.000694,0.000694
96.0,0.021259,0.0050451,0.00064681,0.57815,0.45585,0.49991,0.28707,0.043029,0.0096711,0.014366,0.000595,0.000595,0.000595
97.0,0.021433,0.0051457,0.0007477,0.56998,0.46123,0.49669,0.28319,0.042997,0.0096015,0.014595,0.000496,0.000496,0.000496
98.0,0.02123,0.0052606,0.00063625,0.58035,0.4514,0.49363,0.28532,0.042976,0.0097252,0.014581,0.000397,0.000397,0.000397
99.0,0.020898,0.0050542,0.00067756,0.58805,0.4394,0.49738,0.28517,0.043042,0.0096671,0.014722,0.000298,0.000298,0.000298
