               epoch,      train/box_loss,      train/obj_loss,      train/cls_loss,   metrics/precision,      metrics/recall,     metrics/mAP_0.5,metrics/mAP_0.5:0.95,        val/box_loss,        val/obj_loss,        val/cls_loss,               x/lr0,               x/lr1,               x/lr2
                   0,            0.091038,            0.021105,            0.030533,             0.81539,            0.040854,            0.041312,            0.012562,            0.077797,            0.011691,            0.023094,            0.070345,            0.003295,            0.003295
                   1,            0.065251,            0.015421,            0.015186,             0.43832,             0.16812,             0.15784,            0.049865,            0.064086,           0.0093589,            0.016296,            0.040279,           0.0065627,           0.0065627
                   2,            0.060183,            0.012588,            0.012617,             0.48955,             0.31165,             0.22768,            0.072404,            0.059628,              0.0206,            0.017105,            0.010148,           0.0097644,           0.0097644
                   3,            0.056043,            0.011933,            0.011534,             0.64598,             0.21639,             0.21485,            0.082497,            0.060008,            0.010709,            0.020644,            0.009703,            0.009703,            0.009703
                   4,            0.053505,            0.011721,            0.010677,             0.58695,             0.22377,             0.23213,            0.092641,            0.055185,            0.011438,            0.018222,            0.009703,            0.009703,            0.009703
                   5,            0.050737,            0.011397,           0.0098079,             0.64306,             0.27189,               0.281,            0.093762,            0.058111,            0.010038,             0.01822,            0.009604,            0.009604,            0.009604
                   6,            0.048856,            0.011091,           0.0083112,             0.72825,             0.32868,             0.34191,             0.15909,            0.052932,           0.0093179,            0.015931,            0.009505,            0.009505,            0.009505
                   7,            0.047954,            0.010973,           0.0084349,             0.63305,             0.29225,             0.26448,             0.11903,             0.05192,           0.0096655,            0.019401,            0.009406,            0.009406,            0.009406
                   8,            0.046296,             0.01061,           0.0076609,             0.73682,             0.34447,             0.36838,             0.17539,             0.05352,           0.0089863,            0.015172,            0.009307,            0.009307,            0.009307
                   9,            0.045556,            0.010338,           0.0075669,             0.84717,             0.30543,             0.40766,             0.18588,            0.047636,           0.0083648,            0.015603,            0.009208,            0.009208,            0.009208
                  10,            0.044045,            0.010397,           0.0069397,             0.77316,             0.36495,              0.4166,             0.20417,            0.046986,           0.0081073,            0.014417,            0.009109,            0.009109,            0.009109
                  11,            0.043754,            0.010013,           0.0066294,             0.67238,             0.33452,             0.34987,             0.14086,            0.050621,           0.0094241,            0.015913,             0.00901,             0.00901,             0.00901
                  12,            0.043268,            0.010255,            0.006427,             0.68873,             0.33802,             0.36787,              0.1744,            0.048055,           0.0091214,            0.015945,            0.008911,            0.008911,            0.008911
                  13,            0.042748,             0.01005,           0.0060346,             0.77574,             0.34723,             0.40805,             0.18776,            0.047552,           0.0085828,            0.013635,            0.008812,            0.008812,            0.008812
                  14,            0.042159,           0.0098268,           0.0055726,             0.77394,             0.31973,             0.37856,             0.18478,            0.048282,           0.0090754,            0.014722,            0.008713,            0.008713,            0.008713
                  15,            0.040716,           0.0097408,           0.0056745,             0.76816,              0.3637,              0.4237,             0.22506,            0.045731,           0.0092255,            0.014759,            0.008614,            0.008614,            0.008614
                  16,            0.040592,           0.0096083,            0.005307,             0.71249,             0.39157,             0.41522,             0.20503,            0.046846,           0.0085527,            0.013962,            0.008515,            0.008515,            0.008515
                  17,            0.040156,           0.0095561,           0.0055236,             0.79417,             0.37127,             0.43436,             0.21568,            0.045147,           0.0082635,            0.013151,            0.008416,            0.008416,            0.008416
                  18,            0.039931,           0.0094314,           0.0049996,             0.76854,             0.37344,             0.42011,             0.20129,            0.046837,           0.0083106,            0.015353,            0.008317,            0.008317,            0.008317
                  19,            0.039574,           0.0094101,            0.005005,             0.74288,             0.40611,             0.43402,             0.22024,            0.046497,           0.0085335,            0.014476,            0.008218,            0.008218,            0.008218
                  20,            0.039416,           0.0092652,           0.0049919,              0.7695,             0.36228,             0.39878,              0.1853,            0.048323,           0.0089685,             0.01439,            0.008119,            0.008119,            0.008119
                  21,            0.038769,           0.0091534,            0.004817,             0.73512,             0.43177,             0.45634,             0.23094,            0.044661,           0.0080388,            0.014416,             0.00802,             0.00802,             0.00802
                  22,            0.038167,           0.0088908,            0.004328,             0.73082,             0.36338,             0.39495,             0.19463,            0.045996,           0.0087426,            0.018505,            0.007921,            0.007921,            0.007921
                  23,            0.037608,           0.0088691,           0.0042081,             0.78655,             0.37942,             0.41187,             0.21274,            0.046045,           0.0084834,            0.014151,            0.007822,            0.007822,            0.007822
                  24,            0.037224,              0.0087,            0.003641,             0.79258,             0.41962,             0.47052,             0.23573,            0.043311,           0.0086333,            0.013187,            0.007723,            0.007723,            0.007723
                  25,            0.037018,           0.0086297,           0.0041869,             0.77656,              0.4001,             0.45786,             0.23687,            0.043805,           0.0081881,            0.013191,            0.007624,            0.007624,            0.007624
                  26,            0.036755,            0.009036,           0.0037881,             0.74903,             0.42267,             0.46199,             0.25308,             0.04302,            0.008019,            0.014164,            0.007525,            0.007525,            0.007525
                  27,            0.036598,           0.0086041,           0.0034471,             0.72021,             0.44768,             0.47306,             0.24969,            0.043853,           0.0079197,            0.013397,            0.007426,            0.007426,            0.007426
                  28,            0.036017,           0.0086437,           0.0038137,              0.7968,             0.39208,             0.46011,             0.23205,            0.044053,           0.0083677,            0.013388,            0.007327,            0.007327,            0.007327
                  29,            0.035207,           0.0084966,           0.0035468,             0.74938,             0.42533,             0.46183,             0.24204,            0.042238,           0.0079428,            0.013405,            0.007228,            0.007228,            0.007228
                  30,             0.03586,           0.0085347,           0.0035441,             0.76875,              0.4052,             0.47014,             0.24894,            0.042979,           0.0083149,             0.01292,            0.007129,            0.007129,            0.007129
                  31,            0.035002,           0.0083568,           0.0032103,             0.78034,             0.40721,             0.46338,             0.24776,            0.044005,           0.0083137,             0.01429,             0.00703,             0.00703,             0.00703
                  32,            0.034927,           0.0084701,           0.0035301,             0.77312,             0.45014,              0.4982,             0.26105,            0.045706,           0.0076427,            0.012281,            0.006931,            0.006931,            0.006931
                  33,            0.034247,           0.0082335,           0.0031678,             0.73592,             0.40879,             0.43527,              0.2312,            0.044873,           0.0082209,            0.012029,            0.006832,            0.006832,            0.006832
                  34,            0.034183,             0.00829,           0.0030342,             0.73504,             0.38633,             0.42051,             0.20442,            0.046395,           0.0083129,            0.013743,            0.006733,            0.006733,            0.006733
                  35,            0.034324,           0.0081762,           0.0029869,             0.78876,             0.41782,             0.44905,             0.23687,            0.043189,           0.0084997,            0.014416,            0.006634,            0.006634,            0.006634
                  36,            0.033558,           0.0080326,           0.0028463,             0.78536,             0.40551,             0.46103,               0.247,            0.043016,           0.0080759,            0.013658,            0.006535,            0.006535,            0.006535
                  37,            0.033889,           0.0080559,           0.0031624,             0.79223,             0.40351,              0.4717,             0.25323,            0.043404,           0.0084163,            0.013169,            0.006436,            0.006436,            0.006436
                  38,            0.033807,            0.008101,           0.0030001,             0.79481,             0.43134,             0.46879,              0.2525,            0.044048,           0.0082621,            0.014127,            0.006337,            0.006337,            0.006337
                  39,            0.033239,           0.0080221,           0.0028309,             0.75572,             0.44362,             0.49642,             0.26828,            0.042175,           0.0079792,             0.01131,            0.006238,            0.006238,            0.006238
                  40,            0.033039,           0.0080342,            0.002423,             0.78896,             0.38934,             0.44446,             0.24598,            0.042869,           0.0079631,            0.014201,            0.006139,            0.006139,            0.006139
                  41,            0.032845,           0.0078987,           0.0023561,             0.82081,             0.43448,             0.49084,             0.27419,            0.042157,           0.0084097,            0.011682,             0.00604,             0.00604,             0.00604
                  42,            0.032509,           0.0077223,           0.0023172,             0.82105,             0.38783,             0.45303,              0.2439,            0.043756,           0.0089787,            0.013946,            0.005941,            0.005941,            0.005941
                  43,            0.031772,           0.0076569,           0.0021206,             0.74562,             0.46376,             0.47537,             0.24564,            0.044504,           0.0080178,            0.012348,            0.005842,            0.005842,            0.005842
                  44,            0.031998,           0.0078117,           0.0024249,             0.81984,             0.40975,             0.48297,              0.2687,            0.042809,           0.0082269,             0.01246,            0.005743,            0.005743,            0.005743
                  45,            0.031868,           0.0076695,           0.0024353,             0.78455,             0.42644,             0.47412,             0.25655,            0.043452,           0.0080666,             0.01322,            0.005644,            0.005644,            0.005644
                  46,            0.031437,           0.0073904,           0.0021859,             0.80198,              0.4361,             0.48825,             0.26027,            0.042968,           0.0081631,            0.013957,            0.005545,            0.005545,            0.005545
                  47,            0.030793,           0.0075243,           0.0019536,             0.82661,              0.4145,             0.46608,             0.25671,            0.043163,           0.0087216,            0.014159,            0.005446,            0.005446,            0.005446
                  48,            0.030763,           0.0073765,           0.0020447,             0.85119,              0.4384,             0.50938,             0.29023,            0.042017,            0.007944,            0.010176,            0.005347,            0.005347,            0.005347
                  49,             0.03082,           0.0074818,           0.0018138,              0.7781,             0.41399,             0.47613,             0.26258,            0.043162,           0.0080614,            0.013154,            0.005248,            0.005248,            0.005248
                  50,            0.030432,           0.0073848,           0.0019452,             0.76272,             0.43621,             0.50118,             0.27272,            0.042707,           0.0081822,            0.011108,            0.005149,            0.005149,            0.005149
                  51,             0.03058,           0.0073343,            0.001865,             0.77113,             0.45718,              0.4922,             0.26654,            0.042827,           0.0081141,            0.011714,             0.00505,             0.00505,             0.00505
                  52,            0.030255,             0.00706,           0.0017539,             0.77593,             0.45435,             0.48486,             0.26448,            0.042919,           0.0083619,            0.012636,            0.004951,            0.004951,            0.004951
                  53,            0.029626,           0.0072405,           0.0017541,             0.81685,             0.40608,             0.47855,             0.26963,             0.04291,            0.008531,            0.013391,            0.004852,            0.004852,            0.004852
                  54,            0.029428,           0.0072322,           0.0018644,             0.80242,             0.44692,             0.49448,             0.26786,            0.041457,            0.008606,            0.011474,            0.004753,            0.004753,            0.004753
                  55,            0.029189,           0.0072326,           0.0016899,             0.78306,             0.43167,             0.51858,             0.29877,            0.043082,            0.008325,             0.01189,            0.004654,            0.004654,            0.004654
                  56,            0.029029,           0.0069452,           0.0017088,             0.75329,             0.51796,             0.55957,              0.3069,            0.044184,           0.0088475,            0.013381,            0.004555,            0.004555,            0.004555
                  57,            0.029003,           0.0070149,           0.0015214,             0.53966,             0.52054,             0.51707,             0.28043,            0.042544,           0.0087208,             0.01266,            0.004456,            0.004456,            0.004456
                  58,            0.028609,           0.0069133,           0.0015762,             0.57348,              0.5108,             0.53076,             0.28192,            0.042643,           0.0086324,            0.012933,            0.004357,            0.004357,            0.004357
                  59,            0.028643,           0.0069707,           0.0014473,             0.63675,             0.48214,             0.51156,             0.26652,             0.04317,           0.0089249,            0.012121,            0.004258,            0.004258,            0.004258
                  60,            0.027961,           0.0069481,            0.001343,             0.85273,             0.42995,             0.48986,             0.27484,            0.042163,           0.0087885,            0.012854,            0.004159,            0.004159,            0.004159
                  61,            0.028071,           0.0067683,           0.0013731,             0.82254,             0.42195,             0.48019,             0.26426,            0.042486,           0.0086931,            0.014073,             0.00406,             0.00406,             0.00406
                  62,             0.02806,            0.006884,            0.001263,             0.83338,             0.41191,              0.4722,             0.26421,            0.042823,           0.0088586,            0.013586,            0.003961,            0.003961,            0.003961
                  63,            0.027645,           0.0067677,           0.0013055,             0.81546,             0.41724,             0.48656,             0.26467,            0.041981,           0.0086662,            0.014383,            0.003862,            0.003862,            0.003862
                  64,            0.027137,           0.0065721,           0.0012044,             0.81758,             0.43515,             0.49504,             0.27852,            0.042434,            0.008856,            0.013372,            0.003763,            0.003763,            0.003763
                  65,            0.027288,           0.0065949,           0.0013163,             0.59193,             0.48123,             0.50148,             0.27761,             0.04438,           0.0091595,            0.014025,            0.003664,            0.003664,            0.003664
                  66,            0.026926,           0.0065558,           0.0013183,             0.83336,             0.44051,             0.49363,             0.26431,              0.0436,           0.0088454,            0.013406,            0.003565,            0.003565,            0.003565
                  67,            0.026654,           0.0066439,           0.0010648,             0.55824,             0.45204,             0.50167,             0.28264,            0.042503,            0.008682,             0.01311,            0.003466,            0.003466,            0.003466
                  68,            0.026148,            0.006519,           0.0011984,              0.5577,             0.44043,             0.49897,             0.28422,            0.042626,           0.0089297,             0.01283,            0.003367,            0.003367,            0.003367
                  69,            0.026291,           0.0064093,           0.0011125,             0.83732,             0.42416,             0.49983,             0.28057,            0.042142,           0.0088975,            0.013329,            0.003268,            0.003268,            0.003268
                  70,            0.025806,           0.0063119,           0.0011709,              0.8622,             0.41047,             0.49737,             0.28615,            0.042333,           0.0086725,            0.013094,            0.003169,            0.003169,            0.003169
                  71,            0.026084,           0.0063095,           0.0011102,             0.67522,             0.44815,             0.52295,             0.30031,            0.041804,           0.0089456,            0.011991,             0.00307,             0.00307,             0.00307
                  72,            0.025641,           0.0062571,           0.0010378,             0.69707,             0.45313,             0.50832,             0.29218,            0.042359,           0.0094343,            0.012886,            0.002971,            0.002971,            0.002971
                  73,            0.025319,           0.0062737,           0.0010697,             0.61205,              0.4868,             0.50427,             0.29022,            0.042557,           0.0090505,            0.013262,            0.002872,            0.002872,            0.002872
                  74,            0.025365,           0.0062617,           0.0011002,             0.81491,             0.44686,              0.5294,             0.30192,            0.041477,           0.0089188,            0.013041,            0.002773,            0.002773,            0.002773
                  75,            0.025173,           0.0062246,          0.00095283,             0.67752,              0.5072,             0.54005,             0.29956,            0.042888,           0.0092023,            0.012411,            0.002674,            0.002674,            0.002674
                  76,            0.024906,           0.0061366,           0.0011912,             0.58381,             0.42939,             0.49118,             0.27603,            0.042914,           0.0089891,            0.013124,            0.002575,            0.002575,            0.002575
                  77,            0.024881,           0.0061064,          0.00091778,             0.63565,             0.47843,             0.50733,              0.2921,            0.042142,           0.0088901,            0.013668,            0.002476,            0.002476,            0.002476
                  78,            0.024518,           0.0060344,           0.0010019,             0.55568,             0.42763,             0.48813,             0.28584,            0.042897,            0.009142,            0.014308,            0.002377,            0.002377,            0.002377
                  79,            0.024191,            0.006016,           0.0008285,             0.62353,             0.47484,             0.49744,             0.27778,            0.044175,           0.0093359,            0.013617,            0.002278,            0.002278,            0.002278
                  80,            0.024212,           0.0059207,          0.00079909,              0.8327,             0.42564,             0.49475,             0.28094,            0.043213,           0.0090821,            0.013383,            0.002179,            0.002179,            0.002179
                  81,            0.024032,           0.0058766,           0.0007792,             0.82045,             0.42838,             0.51448,             0.29199,            0.043268,           0.0090679,            0.014233,             0.00208,             0.00208,             0.00208
                  82,            0.023821,           0.0057846,          0.00085446,              0.8372,              0.4293,             0.49442,             0.28225,            0.042408,           0.0092742,            0.014485,            0.001981,            0.001981,            0.001981
                  83,            0.023645,           0.0058205,          0.00074206,             0.86012,             0.40851,             0.49324,             0.29068,            0.042907,            0.009206,            0.014504,            0.001882,            0.001882,            0.001882
                  84,            0.023407,           0.0057348,          0.00074727,             0.58443,             0.42836,             0.49736,             0.28824,            0.042888,           0.0091151,            0.014095,            0.001783,            0.001783,            0.001783
                  85,            0.023094,           0.0057742,          0.00077002,             0.62319,             0.46413,             0.50367,             0.29351,            0.043246,           0.0092588,            0.013073,            0.001684,            0.001684,            0.001684
                  86,            0.022678,           0.0056897,          0.00063732,             0.60117,             0.41338,             0.48641,             0.28298,            0.042877,           0.0092262,            0.013723,            0.001585,            0.001585,            0.001585
                  87,            0.022953,           0.0056992,          0.00070917,             0.59168,              0.4201,             0.47836,             0.27553,            0.043158,           0.0094962,            0.014298,            0.001486,            0.001486,            0.001486
                  88,            0.022828,           0.0057161,          0.00078819,             0.57576,             0.42603,             0.48489,             0.28534,            0.042655,           0.0094373,            0.014558,            0.001387,            0.001387,            0.001387
                  89,            0.022273,           0.0056001,          0.00071746,             0.57949,             0.42454,             0.49125,             0.29355,            0.042913,           0.0093038,            0.014289,            0.001288,            0.001288,            0.001288
                  90,            0.022406,           0.0055621,          0.00063708,             0.59985,             0.42599,             0.48853,             0.28464,            0.043807,           0.0094382,            0.014106,            0.001189,            0.001189,            0.001189
                  91,            0.022104,           0.0056061,          0.00060975,             0.58244,             0.43146,             0.50402,             0.28438,            0.043728,           0.0093979,            0.013886,             0.00109,             0.00109,             0.00109
                  92,            0.022001,           0.0055745,          0.00069501,             0.57685,             0.43666,              0.4926,              0.2811,            0.043276,           0.0093973,            0.014014,            0.000991,            0.000991,            0.000991
                  93,            0.021774,           0.0055074,           0.0008048,             0.64803,             0.47404,             0.50729,              0.2891,            0.042886,            0.009375,            0.013842,            0.000892,            0.000892,            0.000892
                  94,             0.02186,           0.0055088,          0.00065471,             0.58118,             0.43705,             0.49912,             0.28555,            0.043172,            0.009502,            0.014286,            0.000793,            0.000793,            0.000793
                  95,            0.021382,           0.0053956,          0.00055374,             0.58331,             0.43267,              0.4971,             0.28551,             0.04325,           0.0095524,            0.014565,            0.000694,            0.000694,            0.000694
                  96,            0.021323,           0.0055379,          0.00057468,             0.58429,             0.43543,             0.49546,             0.28426,            0.043264,           0.0095266,            0.014669,            0.000595,            0.000595,            0.000595
                  97,            0.021303,           0.0053523,          0.00068998,              0.5912,             0.43948,             0.49282,             0.28687,            0.042719,           0.0095442,            0.014709,            0.000496,            0.000496,            0.000496
                  98,            0.021003,           0.0052979,          0.00055913,             0.58521,             0.44905,             0.49528,             0.28971,            0.042646,           0.0095551,            0.014675,            0.000397,            0.000397,            0.000397
                  99,            0.020998,           0.0052582,          0.00063782,             0.58981,             0.44148,             0.50115,             0.28949,            0.042567,            0.009669,            0.014677,            0.000298,            0.000298,            0.000298
