epoch,train/box_loss,train/obj_loss,train/cls_loss,metrics/precision,metrics/recall,metrics/mAP_0.5,metrics/mAP_0.5:0.95,val/box_loss,val/obj_loss,val/cls_loss,x/lr0,x/lr1,x/lr2
0.0,0.12023,0.02909,0.048173,0.00027858,0.1336,0.00017757,4.3101e-05,0.1124,0.018305,0.048518,0.0928,0.0008,0.0008
1.0,0.10321,0.024145,0.04183,0.0006484,0.30802,0.0013476,0.00028285,0.096032,0.013988,0.041995,0.084683,0.0016832,0.0016832
2.0,0.086638,0.023904,0.036639,0.0009694,0.55487,0.036369,0.0084698,0.083692,0.012849,0.039313,0.076549,0.0025485,0.0025485
3.0,0.076619,0.023725,0.034328,0.0010913,0.58962,0.051655,0.010905,0.078047,0.012899,0.037981,0.068396,0.003396,0.003396
4.0,0.072124,0.021636,0.033026,0.2589,0.34287,0.027612,0.0065526,0.088936,0.011615,0.034888,0.060226,0.0042258,0.0042258
5.0,0.067977,0.021275,0.031029,0.43653,0.16267,0.12956,0.039498,0.07056,0.012571,0.031217,0.052038,0.0050376,0.0050376
6.0,0.065396,0.020006,0.027428,0.36819,0.13902,0.069305,0.019724,0.079152,0.010293,0.024495,0.043832,0.0058317,0.0058317
7.0,0.066142,0.017873,0.023771,0.44367,0.20371,0.12192,0.036981,0.07323,0.010499,0.020723,0.035608,0.006608,0.006608
8.0,0.064922,0.017457,0.019972,0.47569,0.22681,0.16093,0.044104,0.074731,0.0094506,0.018344,0.027366,0.0073664,0.0073664
9.0,0.063473,0.015681,0.017096,0.51447,0.27484,0.19352,0.07294,0.066783,0.010543,0.017921,0.019107,0.008107,0.008107
10.0,0.061314,0.014711,0.015916,0.44285,0.23671,0.15038,0.052811,0.078724,0.0095688,0.01747,0.01083,0.0088298,0.0088298
11.0,0.059619,0.013738,0.014303,0.4643,0.32113,0.18225,0.0701,0.070065,0.011502,0.028515,0.008911,0.008911,0.008911
12.0,0.057718,0.013631,0.012806,0.44722,0.23396,0.15976,0.064887,0.079941,0.0090314,0.017959,0.008911,0.008911,0.008911
13.0,0.056304,0.013141,0.012603,0.55022,0.3038,0.25588,0.10091,0.064832,0.01223,0.021695,0.008812,0.008812,0.008812
14.0,0.052714,0.012545,0.009412,0.54768,0.23407,0.17686,0.062239,0.068122,0.012326,0.020018,0.008713,0.008713,0.008713
15.0,0.05205,0.012653,0.010718,0.50567,0.29673,0.20492,0.070009,0.066682,0.01192,0.017988,0.008614,0.008614,0.008614
16.0,0.049919,0.012618,0.010091,0.59855,0.31362,0.27522,0.11211,0.062045,0.010277,0.017879,0.008515,0.008515,0.008515
17.0,0.048984,0.011833,0.0094201,0.69459,0.30586,0.31941,0.11929,0.05995,0.011217,0.019608,0.008416,0.008416,0.008416
18.0,0.050286,0.012676,0.0093059,0.45202,0.24933,0.15207,0.059032,0.067096,0.012728,0.023103,0.008317,0.008317,0.008317
19.0,0.047168,0.011512,0.009699,0.65857,0.31378,0.30923,0.12557,0.061597,0.011368,0.018159,0.008218,0.008218,0.008218
20.0,0.046907,0.011352,0.0088108,0.69911,0.29623,0.29363,0.13282,0.05594,0.011806,0.020366,0.008119,0.008119,0.008119
21.0,0.045806,0.011245,0.0083267,0.74533,0.2865,0.29401,0.139,0.058104,0.011142,0.023243,0.00802,0.00802,0.00802
22.0,0.04417,0.010879,0.0077548,0.72673,0.27467,0.33648,0.15228,0.056951,0.010151,0.02062,0.007921,0.007921,0.007921
23.0,0.042706,0.010545,0.0071825,0.69577,0.35023,0.37175,0.16871,0.052144,0.011975,0.014118,0.007822,0.007822,0.007822
24.0,0.043018,0.010784,0.006196,0.66437,0.32416,0.33507,0.15408,0.055112,0.014972,0.016937,0.007723,0.007723,0.007723
25.0,0.042758,0.010704,0.0057212,0.68259,0.3475,0.35689,0.15652,0.054438,0.012196,0.015173,0.007624,0.007624,0.007624
26.0,0.041167,0.010781,0.0068263,0.72314,0.37764,0.41583,0.19104,0.055272,0.010867,0.0174,0.007525,0.007525,0.007525
27.0,0.041675,0.01022,0.0062363,0.77055,0.34229,0.40099,0.19892,0.053589,0.0098779,0.014718,0.007426,0.007426,0.007426
28.0,0.040457,0.010082,0.0060403,0.71801,0.32487,0.36569,0.17666,0.052511,0.0092376,0.015969,0.007327,0.007327,0.007327
29.0,0.039687,0.01052,0.0058991,0.6825,0.33943,0.34324,0.15608,0.054678,0.0095477,0.016164,0.007228,0.007228,0.007228
30.0,0.040304,0.010167,0.0053083,0.7363,0.36381,0.40826,0.18779,0.052089,0.0096717,0.015262,0.007129,0.007129,0.007129
31.0,0.038752,0.010117,0.005571,0.69089,0.37835,0.38387,0.1861,0.054188,0.010053,0.014039,0.00703,0.00703,0.00703
32.0,0.040517,0.0096734,0.004779,0.76294,0.34316,0.39505,0.2128,0.051657,0.011019,0.013321,0.006931,0.006931,0.006931
33.0,0.038218,0.009887,0.0044747,0.7976,0.35599,0.41867,0.20689,0.053136,0.011242,0.012533,0.006832,0.006832,0.006832
34.0,0.036592,0.0096727,0.0054768,0.75674,0.35879,0.43695,0.23117,0.052306,0.010406,0.014843,0.006733,0.006733,0.006733
35.0,0.035807,0.0092097,0.0044992,0.77725,0.35154,0.41762,0.2287,0.050594,0.010348,0.019045,0.006634,0.006634,0.006634
36.0,0.034938,0.0086606,0.0048545,0.70585,0.33491,0.39817,0.21967,0.05245,0.010312,0.017328,0.006535,0.006535,0.006535
37.0,0.036376,0.0095424,0.0045217,0.7465,0.35197,0.39659,0.18691,0.055714,0.0095641,0.016176,0.006436,0.006436,0.006436
38.0,0.034721,0.0087411,0.0042944,0.72951,0.3599,0.38492,0.18234,0.053486,0.0099112,0.015278,0.006337,0.006337,0.006337
39.0,0.035294,0.0089052,0.004488,0.73709,0.34935,0.39771,0.19685,0.055059,0.0094305,0.014516,0.006238,0.006238,0.006238
40.0,0.034724,0.0090302,0.0039917,0.74184,0.35445,0.38868,0.189,0.055707,0.0098905,0.016116,0.006139,0.006139,0.006139
41.0,0.034233,0.0089848,0.0045044,0.69102,0.38717,0.39388,0.20697,0.053067,0.0097069,0.015371,0.00604,0.00604,0.00604
42.0,0.033885,0.0089836,0.0047494,0.77052,0.33906,0.38939,0.19697,0.054723,0.010256,0.019569,0.005941,0.005941,0.005941
43.0,0.033867,0.0090337,0.0036615,0.78984,0.38732,0.42374,0.21578,0.049941,0.0094997,0.018792,0.005842,0.005842,0.005842
44.0,0.032495,0.0089498,0.004621,0.75648,0.3754,0.43775,0.23265,0.04904,0.0096293,0.015292,0.005743,0.005743,0.005743
45.0,0.031713,0.0084014,0.0034993,0.78272,0.36812,0.4137,0.23235,0.049135,0.010048,0.015914,0.005644,0.005644,0.005644
46.0,0.033397,0.0088557,0.0037671,0.69211,0.38162,0.39015,0.2044,0.051262,0.010236,0.017204,0.005545,0.005545,0.005545
47.0,0.031272,0.0083397,0.0036413,0.67927,0.36259,0.37269,0.18407,0.054055,0.01015,0.01639,0.005446,0.005446,0.005446
48.0,0.031593,0.0084657,0.0038232,0.72761,0.35011,0.36749,0.1845,0.051503,0.010251,0.015777,0.005347,0.005347,0.005347
49.0,0.031954,0.0085531,0.0033634,0.75377,0.3291,0.38033,0.1966,0.052056,0.010101,0.016159,0.005248,0.005248,0.005248
50.0,0.030213,0.007712,0.0028896,0.71351,0.36435,0.3924,0.19767,0.04969,0.010396,0.015406,0.005149,0.005149,0.005149
51.0,0.030241,0.0076348,0.0031373,0.74057,0.34625,0.38955,0.20729,0.051694,0.011188,0.016674,0.00505,0.00505,0.00505
52.0,0.029934,0.0078926,0.0027108,0.76865,0.38783,0.48611,0.25859,0.051273,0.011067,0.014606,0.004951,0.004951,0.004951
53.0,0.029503,0.0076906,0.0028644,0.76822,0.38176,0.5068,0.26071,0.053795,0.010479,0.015959,0.004852,0.004852,0.004852
54.0,0.030002,0.0081517,0.0028023,0.76935,0.36404,0.4269,0.22447,0.051538,0.011449,0.015894,0.004753,0.004753,0.004753
55.0,0.028973,0.0077874,0.0032472,0.76124,0.3497,0.41751,0.21455,0.051327,0.010035,0.014914,0.004654,0.004654,0.004654
56.0,0.028579,0.0076165,0.0023734,0.71213,0.38471,0.41436,0.22486,0.049034,0.010921,0.016181,0.004555,0.004555,0.004555
57.0,0.028673,0.007928,0.0032738,0.78985,0.36978,0.43666,0.23498,0.051282,0.010904,0.013855,0.004456,0.004456,0.004456
58.0,0.027759,0.0071134,0.0022559,0.75888,0.3954,0.44421,0.23171,0.049724,0.010894,0.013702,0.004357,0.004357,0.004357
59.0,0.027308,0.0073919,0.002952,0.78435,0.39244,0.44639,0.22959,0.050691,0.010193,0.014754,0.004258,0.004258,0.004258
60.0,0.026562,0.0071584,0.0024995,0.81617,0.38803,0.45416,0.24627,0.049715,0.010699,0.015864,0.004159,0.004159,0.004159
61.0,0.026453,0.0070634,0.0028166,0.77261,0.40151,0.4718,0.26414,0.048369,0.010434,0.016111,0.00406,0.00406,0.00406
62.0,0.027204,0.0073154,0.0027136,0.7398,0.40912,0.46287,0.25627,0.050225,0.010565,0.014963,0.003961,0.003961,0.003961
63.0,0.026086,0.0072731,0.0028342,0.72097,0.41059,0.45016,0.24627,0.049523,0.01035,0.017505,0.003862,0.003862,0.003862
64.0,0.025473,0.0070636,0.0029667,0.78631,0.38549,0.49386,0.271,0.048787,0.010042,0.016501,0.003763,0.003763,0.003763
65.0,0.02527,0.006871,0.0025155,0.77628,0.39438,0.47761,0.266,0.049156,0.01075,0.022507,0.003664,0.003664,0.003664
66.0,0.02595,0.0068737,0.0023139,0.74702,0.42542,0.46834,0.25959,0.049662,0.010701,0.020607,0.003565,0.003565,0.003565
67.0,0.024449,0.0066723,0.0021448,0.7865,0.41157,0.4618,0.24922,0.049948,0.01117,0.015718,0.003466,0.003466,0.003466
68.0,0.024958,0.0070205,0.0019525,0.72179,0.42569,0.45205,0.24443,0.049497,0.010771,0.015015,0.003367,0.003367,0.003367
69.0,0.024693,0.0069106,0.0015254,0.74679,0.39878,0.45546,0.25362,0.047745,0.010451,0.014225,0.003268,0.003268,0.003268
70.0,0.025132,0.0067592,0.0022021,0.78816,0.40816,0.4681,0.25933,0.048592,0.010816,0.015218,0.003169,0.003169,0.003169
71.0,0.023804,0.0066746,0.0018354,0.75912,0.38765,0.46312,0.25909,0.049282,0.011366,0.015618,0.00307,0.00307,0.00307
72.0,0.024306,0.0066763,0.001729,0.81548,0.36497,0.47398,0.25984,0.049124,0.011522,0.015702,0.002971,0.002971,0.002971
73.0,0.023583,0.0068757,0.002092,0.77777,0.37814,0.46211,0.25787,0.049609,0.011277,0.014773,0.002872,0.002872,0.002872
74.0,0.022793,0.0067505,0.0025921,0.71872,0.40857,0.44917,0.24971,0.050228,0.011611,0.014949,0.002773,0.002773,0.002773
75.0,0.022752,0.0067287,0.0021645,0.79507,0.39086,0.49161,0.27925,0.049405,0.011131,0.015638,0.002674,0.002674,0.002674
76.0,0.022518,0.0062371,0.0021208,0.76088,0.40084,0.48713,0.27446,0.050292,0.01148,0.016809,0.002575,0.002575,0.002575
77.0,0.021895,0.0067104,0.0021656,0.76641,0.40118,0.48597,0.2642,0.04981,0.01117,0.015726,0.002476,0.002476,0.002476
78.0,0.021985,0.0066104,0.0024113,0.77059,0.41797,0.4776,0.26584,0.048452,0.011144,0.014247,0.002377,0.002377,0.002377
79.0,0.021087,0.0058818,0.0018497,0.75113,0.3993,0.47694,0.26261,0.048394,0.011723,0.014749,0.002278,0.002278,0.002278
80.0,0.021656,0.0062353,0.0020761,0.78974,0.38814,0.47092,0.25671,0.049334,0.012034,0.015862,0.002179,0.002179,0.002179
81.0,0.021152,0.0062886,0.0017418,0.79591,0.37901,0.45674,0.25054,0.048952,0.01179,0.017466,0.00208,0.00208,0.00208
82.0,0.020672,0.0068131,0.0020393,0.78009,0.39503,0.48267,0.27624,0.048364,0.011647,0.017189,0.001981,0.001981,0.001981
83.0,0.021237,0.0064306,0.0016287,0.80171,0.41199,0.4962,0.29025,0.047564,0.01191,0.018599,0.001882,0.001882,0.001882
84.0,0.021361,0.0065171,0.0025733,0.79511,0.42053,0.5078,0.29777,0.047672,0.011741,0.016324,0.001783,0.001783,0.001783
85.0,0.020586,0.0066488,0.0018795,0.80745,0.40659,0.48402,0.2724,0.047291,0.011638,0.013545,0.001684,0.001684,0.001684
86.0,0.020325,0.0060953,0.001797,0.76081,0.41637,0.48178,0.26853,0.049278,0.011846,0.013434,0.001585,0.001585,0.001585
87.0,0.019789,0.0060476,0.0017874,0.75499,0.40556,0.46863,0.26073,0.049216,0.01155,0.014179,0.001486,0.001486,0.001486
88.0,0.01969,0.0059287,0.0017752,0.7746,0.40398,0.47132,0.2616,0.049139,0.011694,0.014742,0.001387,0.001387,0.001387
89.0,0.019512,0.0058053,0.0022388,0.75366,0.42345,0.47914,0.27433,0.047725,0.011505,0.015663,0.001288,0.001288,0.001288
90.0,0.019749,0.0059613,0.0017297,0.7712,0.41549,0.48035,0.26695,0.048231,0.011495,0.015417,0.001189,0.001189,0.001189
91.0,0.019516,0.005897,0.0023759,0.79254,0.40074,0.47764,0.2634,0.048515,0.011788,0.015001,0.00109,0.00109,0.00109
92.0,0.019168,0.0059431,0.0015076,0.76194,0.41731,0.47949,0.26731,0.048429,0.011808,0.015542,0.000991,0.000991,0.000991
93.0,0.01894,0.0057072,0.001019,0.73234,0.42867,0.47989,0.2709,0.048458,0.011768,0.015923,0.000892,0.000892,0.000892
94.0,0.018506,0.0055657,0.0012711,0.73339,0.42967,0.48487,0.27062,0.048637,0.01163,0.015601,0.000793,0.000793,0.000793
95.0,0.018488,0.006038,0.0014506,0.74467,0.43049,0.48691,0.27287,0.048313,0.011589,0.01552,0.000694,0.000694,0.000694
96.0,0.018716,0.0062036,0.0015466,0.77004,0.41973,0.48641,0.27609,0.048232,0.011537,0.01597,0.000595,0.000595,0.000595
97.0,0.01806,0.0059253,0.0016039,0.77678,0.41152,0.48742,0.27696,0.048138,0.011319,0.016332,0.000496,0.000496,0.000496
98.0,0.017796,0.0056088,0.0012284,0.76075,0.42099,0.48831,0.28072,0.04788,0.011294,0.016385,0.000397,0.000397,0.000397
99.0,0.017682,0.0057973,0.0010633,0.76469,0.42894,0.49157,0.27933,0.048263,0.011388,0.016157,0.000298,0.000298,0.000298
